                  epoch,         train/box_loss,         train/cls_loss,         train/dfl_loss,   metrics/precision(B),      metrics/recall(B),       metrics/mAP50(B),    metrics/mAP50-95(B),           val/box_loss,           val/cls_loss,           val/dfl_loss,                 lr/pg0,                 lr/pg1,                 lr/pg2
                      1,                 1.2618,                 2.6411,                  1.192,                0.78188,                0.43823,                0.51123,                0.33866,                 1.2868,                 2.1553,                 1.2264,             0.00030266,             0.00030266,             0.00030266
                      1,                 1.2845,                 3.0048,                 1.2171,                0.77259,                0.43532,                0.48316,                0.31836,                 1.2057,                 2.2872,                 1.1935,             0.00030283,             0.00030283,             0.00030283
                      2,                 1.1248,                 1.5654,                 1.1329,                0.80771,                 0.4928,                0.60437,                 0.4263,                 1.1019,                 1.5025,                 1.1077,             0.00030586,             0.00030586,             0.00030586
                      1,                 1.2335,                 2.6558,                 1.1554,                 0.7086,                 0.3438,                0.46105,                0.30521,                  1.376,                 2.6945,                 1.2266,             0.00030165,             0.00030165,             0.00030165
